id,id_project,id_user,content,time
DxUpO,123sa,asd23,alo,2024-01-11 10:08:01
gNoRP,123sa,sd25w,cai gi day?,2024-01-11 10:08:07
oSLBC,123sa,asd23,khong co gi,2024-01-11 10:08:14
MY7Ae,123sa,sd25w,lam sao?,2024-01-11 10:08:18
Eet4x,123sa,sd25w,aloalo,2024-01-11 10:17:19
yzhBr,123sa,asd23,cai gi,2024-01-11 10:17:22
zpW7Q,123sa,asd23,hello,2024-01-11 10:17:40
WPxSU,123sa,sd25w,hello,2024-01-11 10:20:21
3W3vT,123sa,asd23,cai gi?,2024-01-11 10:20:29
HPHpN,123sa,asd23,hello,2024-01-11 10:57:29
qZowC,oP9yp,sd25w,project 2,2024-01-11 10:57:40
rWu00,123sa,sd25w,nani?,2024-01-11 10:57:52
D8q33,PLgHG,abcde,hello,2024-01-11 11:01:53
ilTeD,123sa,sd25w,moshimoshi,2024-01-11 11:01:59
NR570,123sa,asd23,hehe,2024-01-11 11:02:12
gPbJq,PLgHG,abcde,???,2024-01-11 11:02:17
